Name,Mean,MeanLB,MeanUB,Stddev,StddevLB,StddevUB
"uulib/20",2.272895048625728e-3,2.0507604584768017e-3,2.4836232965861366e-3,5.278201461148121e-4,4.5514023129804217e-4,5.467334094654981e-4
"uulib/50",2.8149618977539544e-3,2.8022356438205777e-3,2.8311412474413184e-3,3.340375346613801e-5,2.6650886940154937e-5,4.449787822345967e-5
"uulib/100",5.650665928286219e-3,5.6265761150537975e-3,5.707702804964688e-3,8.150044473720025e-5,2.928338959281505e-5,1.4374500804930444e-4
"uulib/400",2.4555516663595796e-2,2.2761458579107885e-2,2.842167657951987e-2,5.647802952734029e-3,1.429735506771355e-3,8.60713615928108e-3
"uulib/800",4.567136848649335e-2,4.522726619920086e-2,4.696242893418621e-2,1.6257369033951868e-3,6.018242937947777e-4,3.15214252396052e-3
"uulib/1000",5.69418677159245e-2,5.649409378251385e-2,5.799845541199995e-2,1.5110212412057947e-3,7.533279955469046e-4,2.777298580904198e-3
"uulib/1500",8.480877960404706e-2,8.426467264375043e-2,8.646814907273602e-2,2.027999221425985e-3,7.026229926476399e-4,3.94404516067726e-3
"uulib/2000",0.11346645439347579,0.11278324211320233,0.11472545946320843,2.1170423039290945e-3,1.0078249601555018e-3,3.13890831215934e-3
"uulib/3000",0.17146449173173264,0.16946640098771407,0.1748495587178166,5.93677523694127e-3,3.810446854725549e-3,8.578750101347801e-3
