Name,Mean,MeanLB,MeanUB,Stddev,StddevLB,StddevUB
"uulib/20",2.8634536263346675e-3,2.6013636586070064e-3,3.0734443661570555e-3,5.531830923001629e-4,4.579906981058414e-4,5.956727535465023e-4
"uulib/50",4.053612549602985e-3,4.0164311721920965e-3,4.09210324237744e-3,8.896134799857259e-5,7.038690314958943e-5,1.15668490865021e-4
"uulib/100",8.748165765404702e-3,8.666197457909584e-3,8.859837054212888e-3,2.224999570682226e-4,1.5987528368054175e-4,3.3377822617027474e-4
"uulib/400",3.70622634857893e-2,3.679455518424511e-2,3.741004466712475e-2,7.122312919320258e-4,5.313194573729724e-4,1.0144004516899085e-3
"uulib/800",2.638384413716197,7.91595816582441e-2,12.871493828293682,11.435822160445483,1.2224975075125852e-2,22.721654708824257
"uulib/1000",8.211678075787427,9.207389354407787e-2,40.689727723595496,36.31135014728181,8.534317547810496e-4,72.14342908223881
"uulib/1500",16.264785635468364,0.1464041233032942,74.54432026147546,63.03985581208665,8.584953269764554e-3,124.86469200376835
"uulib/2000",141.543726003167,15.766105341908332,636.1333431601495,527.0653985752955,48.69870431436039,1047.175820693637
"uulib/3000",