Name,Mean,MeanLB,MeanUB,Stddev,StddevLB,StddevUB
"uulib/20",3.7805317029107484e-3,3.42732120071009e-3,4.1411133128486256e-3,8.892275213376866e-4,8.525908857973594e-4,9.116075583787259e-4
"uulib/50",6.604746177973347e-3,6.585660770716267e-3,6.630263777896616e-3,5.1556788231246826e-5,3.7409753356753845e-5,6.595546086327632e-5
"uulib/100",1.3130008633359927e-2,1.3092974280739484e-2,1.3169768905068097e-2,9.003535178703916e-5,7.128227227385347e-5,1.1629333597712591e-4
"uulib/400",5.2414499090387395e-2,5.2186046407892275e-2,5.288747386760907e-2,7.419658213314667e-4,3.7294745366847116e-4,1.3465457532144608e-3
"uulib/800",0.10499824123211102,0.1044729454977055,0.10646246509380537,1.9128177831048605e-3,7.166166037433508e-4,3.6940761692132546e-3
"uulib/1000",0.1308173401815434,0.13008194999523356,0.13248568610973555,2.4537668680879535e-3,1.2441441243538729e-3,4.384579498181594e-3
"uulib/1500",0.19620874957866863,0.19466638402767378,0.19858140783138473,4.4086089113490635e-3,2.9382793260000497e-3,6.528468306016297e-3
"uulib/2000",0.2628987653715153,0.261148749159052,0.2656307681066532,5.058779837637365e-3,3.2050829045080975e-3,6.492978558628257e-3
"uulib/3000",0.39777316884823033,0.39348784522838787,0.40368189649410435,1.1661619837417215e-2,8.67313036101857e-3,1.5055110476604593e-2
